Day,Number
0 ,1
2 ,2
2 ,3
2 ,4
2 ,5
2 ,6
3 ,7
3 ,8
3 ,9
3 ,10
3 ,11
3 ,12
3 ,13
4 ,14
4 ,15
4 ,16
5 ,17
6 ,18
8 ,19
9 ,20
9 ,21
9 ,22
10 ,23
13 ,24
14 ,25
14 ,26
14 ,27
15 ,28
17 ,29
17 ,30
18 ,31
18 ,32
22 ,33
27 ,34
28 ,35
30 ,36
32 ,37
33 ,38
36 ,39
43 ,40
44 ,41
45 ,42
48 ,43
50 ,44
51 ,45
56 ,46
58 ,47
59 ,48
59 ,49
62 ,50
63 ,51
67 ,52
69 ,53
69 ,54
69 ,55
69 ,56
70 ,57
70 ,58
70 ,59
71 ,60
72 ,61
72 ,62
73 ,63
73 ,64
73 ,65
73 ,66
73 ,67
73 ,68
73 ,69
73 ,70
73 ,71
73 ,72
73 ,73
74 ,74
74 ,75
74 ,76
74 ,77
74 ,78
74 ,79
76 ,80
76 ,81
76 ,82
76 ,83
76 ,84
76 ,85
76 ,86
77 ,87
77 ,88
78 ,89
78 ,90
78 ,91
78 ,92
78 ,93
78 ,94
79 ,95
79 ,96
79 ,97
79 ,98
79 ,99
80 ,100
80 ,101
81 ,102
81 ,103
83 ,104
84 ,105
85 ,106
88 ,107
88 ,108
89 ,109
89 ,110
89 ,111
89 ,112
90 ,113
91 ,114
92 ,115
92 ,116
92 ,117
92 ,118
92 ,119
94 ,120
94 ,121
95 ,122
95 ,123
95 ,124
96 ,125
97 ,126
98 ,127
98 ,128
98 ,129
98 ,130
98 ,131
100 ,132
100 ,133
100 ,134
101 ,135
102 ,136
102 ,137
103 ,138
103 ,139
103 ,140
103 ,141
103 ,142
103 ,143
103 ,144
103 ,145
103 ,146
103 ,147
104 ,148
104 ,149
104 ,150
104 ,151
106 ,152
107 ,153
110 ,154
110 ,155
111 ,156
111 ,157
111 ,158
112 ,159
112 ,160
112 ,161
113 ,162
113 ,163
114 ,164
114 ,165
115 ,166
117 ,167
119 ,168
120 ,169
121 ,170
121 ,171
122 ,172
122 ,173
123 ,174
123 ,175
125 ,176
130 ,177
130 ,178
130 ,179
130 ,180
130 ,181
133 ,182
134 ,183
134 ,184
134 ,185
135 ,186
136 ,187
136 ,188
137 ,189
138 ,190
138 ,191
138 ,192
138 ,193
138 ,194
140 ,195
143 ,196
144 ,197
148 ,198
